Name,Set code,Set name,Collector number,Foil,Rarity,Quantity,ManaBox ID,Scryfall ID,Purchase price,Misprint,Altered,Condition,Language,Purchase price currency,Added,Binder Name
A.I.M. Labs,MSH,Marvel Super Heroes,257,normal,common,1,113987,ca24cd9f-fd9f-4ea0-8b9c-ecf98db219a6,0.52,false,false,near_mint,en,BRL,2026-07-09T02:58:25.109Z,Black Binder
A.I.M. Labs,MSH,Marvel Super Heroes,257,foil,common,1,113987,ca24cd9f-fd9f-4ea0-8b9c-ecf98db219a6,1.19,false,false,near_mint,en,BRL,2026-07-09T02:58:25.109Z,Black Binder
A.I.M. Scientists,MSH,Marvel Super Heroes,44,normal,common,1,113422,ab96b656-100e-491a-a8c9-94dbb9482c4d,0.46,false,false,near_mint,en,BRL,2026-07-09T02:58:25.109Z,Black Binder
A.I.M. Synthoids,MSH,Marvel Super Heroes,242,normal,common,2,114080,f29dee50-ea7e-4a54-bc91-99928a8405e3,0.31,false,false,near_mint,en,BRL,2026-07-09T02:58:25.109Z,Black Binder
Access Tunnel,PW26,Wizards Play Network 2026,9,normal,rare,2,112034,92d37929-fc8b-40a9-8c25-ca79ae750d58,0.98,false,false,near_mint,en,BRL,2026-07-09T02:58:25.109Z,Black Binder
Adelbert Steiner,FIN,Final Fantasy,3,normal,uncommon,2,106424,1a67a991-1e52-4676-a2e3-2bc7aa943ab3,1.34,false,false,near_mint,en,BRL,2026-07-09T02:58:25.109Z,Black Binder
Aerial Doombot,MSH,Marvel Super Heroes,43,normal,common,2,114054,e727ec1c-dc3b-4f1a-8a62-18549f118b89,0.77,false,false,near_mint,en,BRL,2026-07-09T02:58:25.109Z,Black Binder
Agent Maria Hill,MSH,Marvel Super Heroes,2,normal,uncommon,2,113421,9e327c67-1cf1-4d82-903c-b41c8e7cf747,0.36,false,false,near_mint,en,BRL,2026-07-09T02:58:25.109Z,Black Binder
Agents of HYDRA,MSH,Marvel Super Heroes,85,normal,common,1,113830,857fef2e-df1f-4ec6-a262-f6fa52389cf9,0.57,false,false,near_mint,en,BRL,2026-07-09T02:58:25.109Z,Black Binder
Al Bhed Salvagers,FIN,Final Fantasy,88,normal,uncommon,3,106278,58ccdcfc-a669-480f-bded-4273cfaf2045,1.19,false,false,near_mint,en,BRL,2026-07-09T02:58:25.109Z,Black Binder
Ancestral Anger,SOS,Secrets of Strixhaven,106,normal,common,2,112627,6c5a93d6-d4ab-4062-bb3c-1b5330bf15ad,0.93,false,false,near_mint,en,BRL,2026-07-09T02:58:25.109Z,Black Binder
Antagonize,SNC,Streets of New Capenna,100,normal,common,2,67870,8bac1d2a-99dd-40b3-8823-ce9225efcdcf,1.14,false,false,near_mint,en,BRL,2026-07-09T02:58:25.109Z,Black Binder
Ant-Man's Army,MSH,Marvel Super Heroes,161,normal,common,1,113743,61a89566-06c1-404f-8217-e5276e2dc5a2,0.67,false,false,near_mint,en,BRL,2026-07-09T02:58:25.109Z,Black Binder
Applied Geometry,SOS,Secrets of Strixhaven,172,normal,rare,1,112315,f109f2eb-895b-44a6-b6b5-81bf3831ccd5,1.34,false,false,near_mint,en,BRL,2026-07-09T02:58:25.109Z,Black Binder
Arc Reactor,MSH,Marvel Super Heroes,243,normal,rare,1,113158,339acb17-4b8e-4836-9cc5-8a0a946ebc73,5.73,false,false,near_mint,en,BRL,2026-07-09T02:58:25.109Z,Black Binder
Archangel of Thune,MAR,Marvel Universe,41,normal,mythic,1,114115,5d393449-bdbe-4638-ba0b-7ec83f81b51e,102.89,false,false,near_mint,en,BRL,2026-07-09T02:58:25.109Z,Black Binder
Armor Wars,MSH,Marvel Super Heroes,203,normal,rare,1,113133,11a13397-1d31-4257-87c2-a757a751c601,1.65,false,false,near_mint,en,BRL,2026-07-09T02:58:25.109Z,Black Binder
Armory Automaton,FIC,Final Fantasy Commander,336,normal,rare,1,106063,99fbb6f1-0584-45c2-b4c5-0431447913d4,1.39,false,false,near_mint,en,BRL,2026-07-09T02:58:25.109Z,Black Binder
"Arnim Zola, Bio-Fanatic",MSH,Marvel Super Heroes,86,foil,uncommon,1,113525,07c70df6-b064-424a-852e-201b312a5b54,1.08,false,false,near_mint,en,BRL,2026-07-09T02:58:25.109Z,Black Binder
"Arnim Zola, Bio-Fanatic",MSH,Marvel Super Heroes,86,normal,uncommon,1,113525,07c70df6-b064-424a-852e-201b312a5b54,0.67,false,false,near_mint,en,BRL,2026-07-09T02:58:25.109Z,Black Binder
Ascendant Dustspeaker,SOS,Secrets of Strixhaven,8,foil,common,1,112702,de3de40b-a7ac-455e-add2-4e451b602d17,0.57,false,false,near_mint,en,BRL,2026-07-09T02:58:25.109Z,Black Binder
Asgardian Citadel,MSH,Marvel Super Heroes,258,normal,common,1,114013,d5f88c3d-b17b-46aa-a573-449350f95d46,0.46,false,false,near_mint,en,BRL,2026-07-09T02:58:25.109Z,Black Binder
Atlantean Cavalry,MSH,Marvel Super Heroes,45,normal,common,2,113546,1319bf54-8705-4cc4-8d08-40f05fd09837,0.46,false,false,near_mint,en,BRL,2026-07-09T02:58:25.109Z,Black Binder
Atlantis Attacks,MSH,Marvel Super Heroes,46,foil,common,1,113653,40bc4380-055d-4913-93cb-280c9c1d1a87,1.08,false,false,near_mint,en,BRL,2026-07-09T02:58:25.109Z,Black Binder
Atlantis Attacks,MSH,Marvel Super Heroes,46,normal,common,1,113653,40bc4380-055d-4913-93cb-280c9c1d1a87,0.52,false,false,near_mint,en,BRL,2026-07-09T02:58:25.109Z,Black Binder
Atomic Microsizer,EOE,Edge of Eternities,47,normal,uncommon,1,107403,3554f0c7-ea73-43e9-a061-bbb8ef6abce1,1.03,false,false,near_mint,en,BRL,2026-07-09T02:58:25.109Z,Black Binder
Avengers Tower,MSH,Marvel Super Heroes,334,normal,uncommon,1,113399,1292713f-1462-438f-a3a2-1f69ece99668,1.6,false,false,near_mint,en,BRL,2026-07-09T02:58:25.109Z,Black Binder
Avengers Tower,MSH,Marvel Super Heroes,260,normal,uncommon,1,113374,88f0d9c9-8a1f-4b5a-b6f9-821ddd658d27,0.93,false,false,near_mint,en,BRL,2026-07-09T02:58:25.109Z,Black Binder
Banishing Betrayal,SOS,Secrets of Strixhaven,38,normal,common,3,111688,1ae9d2f3-7a9f-433a-aa1f-14337ae6f9d4,0.83,false,false,near_mint,en,BRL,2026-07-09T02:58:25.109Z,Black Binder
Banishing Betrayal,SOS,Secrets of Strixhaven,38,foil,common,1,111688,1ae9d2f3-7a9f-433a-aa1f-14337ae6f9d4,0.93,false,false,near_mint,en,BRL,2026-07-09T02:58:25.109Z,Black Binder
Barret Wallace,FIN,Final Fantasy,129,normal,uncommon,1,105840,1a504dff-5857-4a61-ab99-616d5df7cf5a,0.57,false,false,near_mint,en,BRL,2026-07-09T02:58:25.109Z,Black Binder
Baxter Building,MSH,Marvel Super Heroes,261,normal,uncommon,1,113358,1abc652f-8e9d-4df7-bc4e-d8b515a40fec,1.29,false,false,near_mint,en,BRL,2026-07-09T02:58:25.109Z,Black Binder
"Beast, Erudite Aerialist",MSH,Marvel Super Heroes,206,normal,uncommon,2,113906,a92a95d2-9529-417a-b7d5-b4244d7fdca7,0.62,false,false,near_mint,en,BRL,2026-07-09T02:58:25.109Z,Black Binder
"Beatrix, Loyal General",FIN,Final Fantasy,554,normal,rare,1,106074,9da83b07-4978-4af7-be51-8aa8f35ec0bb,4.18,false,false,near_mint,en,BRL,2026-07-09T02:58:25.109Z,Black Binder
Bitter Triumph,SCH,Store Championships,42,normal,rare,1,108038,12d77fbd-c172-41f1-9122-ea7858ab37b9,7.08,false,false,near_mint,en,BRL,2026-07-09T02:58:25.109Z,Black Binder
"Black Panther, Vanguard",MSH,Marvel Super Heroes,207,normal,uncommon,1,113237,9e308f77-206b-4c9d-bfba-f4c476ea574a,0.62,false,false,near_mint,en,BRL,2026-07-09T02:58:25.109Z,Black Binder
"Black Widow, Double Agent",MSH,Marvel Super Heroes,208,normal,uncommon,1,113241,aa8dbbb9-36a5-48e0-9e30-aeed0fb5d522,0.98,false,false,near_mint,en,BRL,2026-07-09T02:58:25.109Z,Black Binder
Blacksmith's Talent,BLB,Bloomburrow,125,normal,uncommon,1,96029,4bb318fa-481d-40a7-978e-f01b49101ae0,1.5,false,false,near_mint,en,BRL,2026-07-09T02:58:25.109Z,Black Binder
Blazing Crescendo,MSH,Marvel Super Heroes,125,normal,common,1,113828,8447c3d6-8c65-4d3c-81c4-609801602d06,0.83,false,false,near_mint,en,BRL,2026-07-09T02:58:25.109Z,Black Binder
Blazing Firesinger // Seething Song,SOS,Secrets of Strixhaven,109,normal,uncommon,1,112595,3ba971e7-0b7a-4750-896f-7cf063e66b2a,1.86,false,false,near_mint,en,BRL,2026-07-09T02:58:25.109Z,Black Binder
Blitzball,FIN,Final Fantasy,254,normal,common,1,106723,92f4ad73-42bf-45c0-8bb6-0b44043c81ef,1.08,false,false,near_mint,en,BRL,2026-07-09T02:58:25.109Z,Black Binder
Bold Biochemist,MSH,Marvel Super Heroes,48,normal,common,2,113542,10644127-3da0-484e-9afc-de26d9c34390,0.46,false,false,near_mint,en,BRL,2026-07-09T02:58:25.109Z,Black Binder
Bonders' Enclave,FIC,Final Fantasy Commander,376,normal,rare,1,106112,abcd3daa-dd34-4d7d-b3ed-839f5e438cd7,2.01,false,false,near_mint,en,BRL,2026-07-09T02:58:25.109Z,Black Binder
Borough Backup,MSH,Marvel Super Heroes,7,normal,common,2,113947,bb753ac8-67e1-44b0-b404-37f04c2b7438,0.62,false,false,near_mint,en,BRL,2026-07-09T02:58:25.109Z,Black Binder
Borough Backup,MSH,Marvel Super Heroes,7,foil,common,1,113947,bb753ac8-67e1-44b0-b404-37f04c2b7438,1.24,false,false,near_mint,en,BRL,2026-07-09T02:58:25.109Z,Black Binder
Brass Knuckles,CMM,Commander Masters,372,foil,common,1,84428,63f4448c-a946-45a3-9bce-0d82105e7cc1,1.96,false,false,near_mint,en,BRL,2026-07-09T02:58:25.109Z,Black Binder
Brave Brawler,MSH,Marvel Super Heroes,8,normal,common,2,113587,2242b5c3-42ef-4be0-a61f-65c93e56fcab,0.31,false,false,near_mint,en,BRL,2026-07-09T02:58:25.109Z,Black Binder
Bulk Up,SOA,Secrets of Strixhaven Mystical Archive,40,normal,uncommon,1,112533,e86fcad5-8150-4a76-b27e-47a9f05745c1,1.91,false,false,near_mint,en,BRL,2026-07-09T02:58:25.109Z,Black Binder
"Bullseye, Death Dealer",MSH,Marvel Super Heroes,209,normal,uncommon,1,114104,fd1f0b5f-5e0e-4da1-ab54-a62db5af3591,0.62,false,false,near_mint,en,BRL,2026-07-09T02:58:25.109Z,Black Binder
Call Damage Control,MSH,Marvel Super Heroes,162,normal,common,2,114035,de1ed886-c33b-4cfd-8442-944cec654a8b,0.77,false,false,near_mint,en,BRL,2026-07-09T02:58:25.109Z,Black Binder
Canopy Baloth,ZNR,Zendikar Rising,182,normal,common,2,54592,6b04160c-89a7-4dcd-b05d-5dc846824d64,0.46,false,false,near_mint,en,BRL,2026-07-09T02:58:25.109Z,Black Binder
Captain America's Shield,MSH,Marvel Super Heroes,244,foil,rare,1,113347,4b5433ac-0d36-4472-bf8b-d22f0ffd367b,12.5,false,false,near_mint,en,BRL,2026-07-09T02:58:25.109Z,Black Binder
Captain America's Shield,MSH,Marvel Super Heroes,244,normal,rare,1,113347,4b5433ac-0d36-4472-bf8b-d22f0ffd367b,6.35,false,false,near_mint,en,BRL,2026-07-09T02:58:25.109Z,Black Binder
Castle Doom,MSH,Marvel Super Heroes,263,normal,rare,1,113756,6b39d7a6-ca2d-4376-a18e-efd0138e83bc,2.69,false,false,near_mint,en,BRL,2026-07-09T02:58:25.109Z,Black Binder
Chandra's Magmutt,J22,Jumpstart 2022,512,normal,common,2,76644,b40d6eb9-dd25-4a1d-ae0a-ad5d235073c3,1.45,false,false,near_mint,en,BRL,2026-07-09T02:58:25.109Z,Black Binder
Chief of the Foundry,PKLD,Kaladesh Promos,200,foil,uncommon,1,7675,3063fda2-d67f-43c3-a736-f4fd980efcbe,1.91,false,false,near_mint,en,BRL,2026-07-09T02:58:25.109Z,Black Binder
Claim the Kingdom,MSH,Marvel Super Heroes,163,foil,uncommon,1,113428,cf13bfb1-5b44-4363-8de9-ece234233870,1.81,false,false,near_mint,en,BRL,2026-07-09T02:58:25.109Z,Black Binder
Clear Shot,EMN,Eldritch Moon,152,normal,uncommon,2,8182,12fa1d34-7e32-45b7-9f6f-68f152f75d1a,0.41,false,false,near_mint,en,BRL,2026-07-09T02:58:25.109Z,Black Binder
"Cloud, Planet's Champion",FIN,Final Fantasy,552,foil,mythic,1,103799,a6d58067-337d-43dc-b4a3-c6acc701d450,9.81,false,false,near_mint,en,BRL,2026-07-09T02:58:25.109Z,Black Binder
Cloudbound Moogle,FIN,Final Fantasy,11,normal,common,2,106283,7387bca7-f496-45da-a0ac-6be049303a8f,0.67,false,false,near_mint,en,BRL,2026-07-09T02:58:25.109Z,Black Binder
Cloud's Limit Break,FIC,Final Fantasy Commander,14,normal,rare,1,105848,1eb10082-4f0a-41f9-9a70-0d3c7ead249f,1.29,false,false,near_mint,en,BRL,2026-07-09T02:58:25.109Z,Black Binder
Coeurl,FIN,Final Fantasy,12,normal,common,2,106284,7604b534-5480-42fa-bc36-bbae730f8582,0.62,false,false,near_mint,en,BRL,2026-07-09T02:58:25.109Z,Black Binder
"Colleen Wing, Street Samurai",MSH,Marvel Super Heroes,13,normal,uncommon,1,113417,8bffc505-608e-4a5b-9ed9-2321e4cab484,0.83,false,false,near_mint,en,BRL,2026-07-09T02:58:25.109Z,Black Binder
Colossal Dreadmaw,J22,Jumpstart 2022,640,normal,common,2,76643,b35fd2a8-cccd-4b35-b791-d70e74e203bc,0.41,false,false,near_mint,en,BRL,2026-07-09T02:58:25.109Z,Black Binder
Cosmic Cube,MSH,Marvel Super Heroes,245,normal,mythic,1,114004,d1cf1ead-fe91-4328-89ab-6d0bc9ff6cbe,59.81,false,false,near_mint,en,BRL,2026-07-09T02:58:25.109Z,Black Binder
Courier of Comestibles,PW26,Wizards Play Network 2026,6,normal,rare,1,111432,2155537f-37b1-4121-9612-63781b461497,1.24,false,false,near_mint,en,BRL,2026-07-09T02:58:25.109Z,Black Binder
Covert Technician,NEO,Kamigawa: Neon Dynasty,332,normal,uncommon,1,66343,2f268152-304a-4db8-a3f9-dd9d0f3319a1,1.29,false,false,near_mint,en,BRL,2026-07-09T02:58:25.109Z,Black Binder
Crimson Operative,MSH,Marvel Super Heroes,126,normal,common,1,113975,c4bc077c-f220-47a5-aaf4-5324ca23d0c5,0.36,false,false,near_mint,en,BRL,2026-07-09T02:58:25.109Z,Black Binder
Crop Rotation,SOA,Secrets of Strixhaven Mystical Archive,51,normal,rare,1,112523,d5d50e02-80c8-4b7d-9f51-7f1d79f9f263,20.45,false,false,near_mint,en,BRL,2026-07-09T02:58:25.109Z,Black Binder
"Crossbones, Malicious Mercenary",MSH,Marvel Super Heroes,91,normal,uncommon,3,113357,1576148a-2371-49ba-8eef-0bc2ec3dcaf3,0.88,false,false,near_mint,en,BRL,2026-07-09T02:58:25.109Z,Black Binder
Crowd of True Believers,MSH,Marvel Super Heroes,14,foil,common,1,113684,4b2fffb8-d538-4772-8fbc-9bec3b9c4d9c,0.88,false,false,near_mint,en,BRL,2026-07-09T02:58:25.109Z,Black Binder
Crowd of True Believers,MSH,Marvel Super Heroes,14,normal,common,1,113684,4b2fffb8-d538-4772-8fbc-9bec3b9c4d9c,0.41,false,false,near_mint,en,BRL,2026-07-09T02:58:25.109Z,Black Binder
Cruel Alliance,MSH,Marvel Super Heroes,92,normal,common,1,114019,d895d5a1-d382-438b-8551-e142bb5142af,0.46,false,false,near_mint,en,BRL,2026-07-09T02:58:25.109Z,Black Binder
Cuboid Colony,SOS,Secrets of Strixhaven,183,normal,uncommon,1,111705,6384d135-7780-4d75-9e95-71bce506948e,0.83,false,false,near_mint,en,BRL,2026-07-09T02:58:25.109Z,Black Binder
Daily Bugle Building,SPM,Marvel's Spider-Man,179,normal,uncommon,1,108449,669bbcb1-0981-40e7-905e-b94e74bc4861,1.45,false,false,near_mint,en,BRL,2026-07-09T02:58:25.109Z,Black Binder
Daily Bugle Newspaper,MSC,Marvel Super Heroes Commander,749,normal,uncommon,1,113671,46155477-758e-47a0-9fb9-dec7869978d9,1.86,false,false,near_mint,en,BRL,2026-07-09T02:58:25.109Z,Black Binder
"Daredevil, Man Without Fear",MSH,Marvel Super Heroes,213,normal,rare,1,113327,14e821bb-55cc-474e-9b63-0ceecc2666c1,1.5,false,false,near_mint,en,BRL,2026-07-09T02:58:25.109Z,Black Binder
Dark Deed,MSH,Marvel Super Heroes,93,normal,uncommon,1,113178,49e36cac-3999-40b3-91b3-85af4fded679,0.88,false,false,near_mint,en,BRL,2026-07-09T02:58:25.109Z,Black Binder
Dark Fortress,MSH,Marvel Super Heroes,264,normal,rare,1,113339,c16fd43c-7c47-4c1b-860f-91146532e89d,18.39,false,false,near_mint,en,BRL,2026-07-09T02:58:25.109Z,Black Binder
Darksteel Citadel,DST,Darksteel,164,normal,common,1,29497,c5d0e808-d67b-4ea3-9c04-d20269fe692c,9.92,false,false,near_mint,en,BRL,2026-07-09T02:58:25.109Z,Black Binder
Dawnhart Rejuvenator,MID,Innistrad: Midnight Hunt,180,normal,common,2,63442,cf4b5ad9-3de6-4d53-93a0-3b8d2e484687,0.93,false,false,near_mint,en,BRL,2026-07-09T02:58:25.109Z,Black Binder
Deadly Embrace,FIN,Final Fantasy,557,normal,rare,1,106087,a11cb85c-85dd-435c-8303-4d0d18bdb1e9,1.24,false,false,near_mint,en,BRL,2026-07-09T02:58:25.109Z,Black Binder
Death to Our Enemies,MSH,Marvel Super Heroes,127,normal,uncommon,1,113431,f2a8f518-c0b5-4e15-aab2-49b5ef29fb41,1.03,false,false,near_mint,en,BRL,2026-07-09T02:58:25.109Z,Black Binder
Decoy Ploy,MSH,Marvel Super Heroes,94,normal,common,2,114018,d8719b74-48ef-4f68-b59a-949edd644ddc,0.41,false,false,near_mint,en,BRL,2026-07-09T02:58:25.109Z,Black Binder
Deluge Virtuoso,SOS,Secrets of Strixhaven,42,normal,common,2,112222,2e3b16ed-8727-48fd-8b1f-c0cbd329385e,0.77,false,false,near_mint,en,BRL,2026-07-09T02:58:25.109Z,Black Binder
Demanding Dragon,SCD,Starter Commander Decks,130,normal,rare,2,77596,f97d0541-f04f-44a6-a20f-4d909ccc90ca,1.03,false,false,near_mint,en,BRL,2026-07-09T02:58:25.109Z,Black Binder
Dependable Quinjet,MSH,Marvel Super Heroes,246,normal,common,1,113961,c035c625-4de5-4c3b-9d07-aa1df8fc7b78,0.46,false,false,near_mint,en,BRL,2026-07-09T02:58:25.109Z,Black Binder
Diamond Pick-Axe,LCI,The Lost Caverns of Ixalan,143,normal,uncommon,1,88470,4ae30fa7-3d1d-417f-80d7-a668236cb2c1,4.7,false,false,near_mint,en,BRL,2026-07-09T02:58:25.109Z,Black Binder
Disdainful Stroke,SOA,Secrets of Strixhaven Mystical Archive,17,normal,uncommon,1,111792,3a057032-6ece-4aa7-8e99-df2a07359b2b,1.24,false,false,near_mint,en,BRL,2026-07-09T02:58:25.109Z,Black Binder
Doc Ock's Tentacles,SPM,Marvel's Spider-Man,162,normal,rare,1,108605,fed9547c-9d0d-4e62-9639-887ed09231a2,1.65,false,false,near_mint,en,BRL,2026-07-09T02:58:25.109Z,Black Binder
Dowsing Device // Geode Grotto,LCI,The Lost Caverns of Ixalan,146,foil,uncommon,1,88423,3d715e9f-223d-462e-8ce3-eebbaf1cd021,1.96,false,false,near_mint,en,BRL,2026-07-09T02:58:25.109Z,Black Binder
Dragon Mantle,CMR,Commander Legends,174,normal,common,2,55891,ca32fd66-f7f1-4e50-817f-bb259f690f00,1.34,false,false,near_mint,en,BRL,2026-07-09T02:58:25.109Z,Black Binder
Dragon Whelp,DMR,Dominaria Remastered,116,normal,uncommon,2,78149,dd7520ad-3b13-41a6-82b2-fef562545f1c,0.46,false,false,near_mint,en,BRL,2026-07-09T02:58:25.109Z,Black Binder
Dragoon's Lance,FIN,Final Fantasy,17,normal,uncommon,1,105671,96630531-8eb7-4e3e-8d63-60c562a5571b,1.19,false,false,near_mint,en,BRL,2026-07-09T02:58:25.109Z,Black Binder
Dreams of Laguna,FIN,Final Fantasy,50,normal,common,2,106292,ba752243-2727-4b8a-8e21-e70becfd4ff3,1.24,false,false,near_mint,en,BRL,2026-07-09T02:58:25.109Z,Black Binder
Druid of the Cowl,M19,Core Set 2019,177,normal,common,4,1135,76ceff1d-9e83-41cc-b54b-8bf90d985da9,0.93,false,false,near_mint,en,BRL,2026-07-09T02:58:25.109Z,Black Binder
Duty Beyond Death,SOA,Secrets of Strixhaven Mystical Archive,4,normal,uncommon,3,111803,6f8f8183-d17a-41b8-b3b5-914f193fd964,1.5,false,false,near_mint,en,BRL,2026-07-09T02:58:25.109Z,Black Binder
Dwarven Castle Guard,FIN,Final Fantasy,18,normal,common,4,106454,e17c0d27-e88d-4ba9-acbb-3f916cee3d7e,0.36,false,false,near_mint,en,BRL,2026-07-09T02:58:25.109Z,Black Binder
"Echo, Perceptive Prodigy",MSH,Marvel Super Heroes,51,normal,uncommon,2,113260,cd9b9be6-0143-467c-8a2a-937ecafe0473,0.83,false,false,near_mint,en,BRL,2026-07-09T02:58:25.109Z,Black Binder
Efflorescence,SOS,Secrets of Strixhaven,144,normal,common,1,112634,79b9ace7-eceb-4f97-9ee7-d5ee3e0b3515,0.77,false,false,near_mint,en,BRL,2026-07-09T02:58:25.109Z,Black Binder
Elemental Mascot,SOS,Secrets of Strixhaven,185,normal,common,1,111741,c507eb1c-48e9-4d28-bb2d-71f2a9df9ab0,0.52,false,false,near_mint,en,BRL,2026-07-09T02:58:25.109Z,Black Binder
Embrace the Paradox,SOS,Secrets of Strixhaven,186,normal,common,1,112679,c0cf5e0f-3668-46f2-850d-d91a538e8ead,0.62,false,false,near_mint,en,BRL,2026-07-09T02:58:25.109Z,Black Binder
"Emil, Vastlands Roamer",SOS,Secrets of Strixhaven,146,normal,uncommon,1,112589,3654416d-8558-4af2-9e10-18dbc8f2b376,1.19,false,false,near_mint,en,BRL,2026-07-09T02:58:25.109Z,Black Binder
Emissary Escort,PEOE,Edge of Eternities Promos,56p,foil,rare,1,107974,a1c5b027-49d8-403e-90db-2890474744aa,1.45,false,false,near_mint,en,BRL,2026-07-09T02:58:25.109Z,Black Binder
Enthusiastic Mechanaut,NEO,Kamigawa: Neon Dynasty,218,normal,uncommon,1,66434,ac00521f-1b7d-478d-afe8-6761ea512d8d,1.65,false,false,near_mint,ja,BRL,2026-07-09T02:58:25.109Z,Black Binder
Essence Scatter,SOS,Secrets of Strixhaven,47,foil,common,1,112586,32840097-0531-4c43-b6a8-e76c17420b04,1.39,false,false,near_mint,en,BRL,2026-07-09T02:58:25.109Z,Black Binder
Evil Reawakened,FIN,Final Fantasy,98,normal,uncommon,2,106300,eb98cbc3-749c-44f4-974c-00be1286d69e,1.08,false,false,near_mint,en,BRL,2026-07-09T02:58:25.109Z,Black Binder
Exhibition Tidecaller,SOS,Secrets of Strixhaven,48,normal,rare,1,111730,a58c364e-d0c5-41b9-8c8b-2e5a99468cc7,3.25,false,false,near_mint,en,BRL,2026-07-09T02:58:25.109Z,Black Binder
Exotic Orchard,CN2,Conspiracy: Take the Crown,219,normal,rare,1,7878,f9083583-6fa9-4b8a-86bb-59e51ad06b33,1.24,false,false,near_mint,en,BRL,2026-07-09T02:58:25.109Z,Black Binder
Expressive Firedancer,SOS,Secrets of Strixhaven,114,normal,common,2,112286,259b8c45-6241-4206-a34e-34c7f401f47b,0.41,false,false,near_mint,en,BRL,2026-07-09T02:58:25.109Z,Black Binder
Extinguisher Battleship,EOE,Edge of Eternities,242,normal,rare,1,107022,5541cdd2-84a6-4667-83eb-fffbe5b3cd3d,2.12,false,false,near_mint,en,BRL,2026-07-09T02:58:25.109Z,Black Binder
"Falcon, Winged Wonder",MSH,Marvel Super Heroes,52,normal,uncommon,1,113376,8dc209ed-0d4c-4d0c-90e8-04cadc3d4c3d,0.83,false,false,near_mint,en,BRL,2026-07-09T02:58:25.109Z,Black Binder
Fate of the Sun-Cryst,FIN,Final Fantasy,19,normal,common,2,106287,900cdf11-b42e-4dcc-97c3-2e4d8e406a70,0.57,false,false,near_mint,en,BRL,2026-07-09T02:58:25.109Z,Black Binder
Fellwar Stone,CLB,Commander Legends: Battle for Baldur's Gate,860,normal,uncommon,1,69506,4bca6877-4e1d-4ecb-8812-d75d3470ffee,7.85,false,false,near_mint,en,BRL,2026-07-09T02:58:25.109Z,Black Binder
Fix What's Broken,PSOS,Secrets of Strixhaven Promos,188p,normal,rare,1,112888,fc1c3151-28d2-401a-8e43-a6ad7eebe719,6.61,false,false,near_mint,en,BRL,2026-07-09T02:58:25.109Z,Black Binder
Flame Spill,IKO,Ikoria: Lair of Behemoths,117,normal,uncommon,2,49960,b3090004-d7dd-47bc-92e5-977be4fd9ae5,1.08,false,false,near_mint,en,BRL,2026-07-09T02:58:25.109Z,Black Binder
Flowerfoot Swordmaster,SLP,Secret Lair Promo,46,normal,rare,2,109189,ad113af1-d9d1-4471-ab7c-9804308a501d,2.32,false,false,near_mint,en,BRL,2026-07-09T02:58:25.109Z,Black Binder
Follow the Lumarets,SOS,Secrets of Strixhaven,148,normal,common,2,112719,f9488480-2b6c-40bc-a93e-29fb1292a2e4,0.72,false,false,near_mint,en,BRL,2026-07-09T02:58:25.109Z,Black Binder
Follow the Lumarets,SOS,Secrets of Strixhaven,148,foil,common,1,112719,f9488480-2b6c-40bc-a93e-29fb1292a2e4,1.29,false,false,near_mint,en,BRL,2026-07-09T02:58:25.109Z,Black Binder
Foundry Inspector,CMR,Commander Legends,310,normal,common,1,56201,cca62547-7dd3-4bb7-be5f-92c4fa51904d,1.7,false,false,near_mint,pt,BRL,2026-07-09T02:58:25.109Z,Black Binder
Fractal Mascot,SOS,Secrets of Strixhaven,189,normal,common,3,111745,cf5b19e3-eed1-4b36-9756-660ffb3baa08,0.77,false,false,near_mint,en,BRL,2026-07-09T02:58:25.109Z,Black Binder
Fractalize,SOS,Secrets of Strixhaven,51,normal,uncommon,2,112399,e3c3b19b-01b6-4f5a-b428-513b778c5d89,0.83,false,false,near_mint,en,BRL,2026-07-09T02:58:25.109Z,Black Binder
Freya Crescent,FIN,Final Fantasy,138,normal,uncommon,1,106289,9921f646-e893-44db-ac89-0633c1009788,1.14,false,false,near_mint,en,BRL,2026-07-09T02:58:25.109Z,Black Binder
Frozen in Ice,MSH,Marvel Super Heroes,54,normal,common,2,113908,a990260b-39b7-4799-930a-bf9ac208d9ed,0.57,false,false,near_mint,en,BRL,2026-07-09T02:58:25.109Z,Black Binder
Fugitive Droid,TMT,Teenage Mutant Ninja Turtles,40,normal,uncommon,1,111572,50c4e65f-00dc-4fc5-bd5c-8482c2848f4c,1.45,false,false,near_mint,en,BRL,2026-07-09T02:58:25.109Z,Black Binder
Futurist Forge,MSH,Marvel Super Heroes,55,normal,common,1,113901,a50feebf-c660-43f1-9fae-75294703b346,0.52,false,false,near_mint,en,BRL,2026-07-09T02:58:25.109Z,Black Binder
Geode Golem,CMM,Commander Masters,386,foil,uncommon,1,85080,fa912283-c28e-4594-aca9-21d82d8cf006,21.12,false,false,near_mint,en,BRL,2026-07-09T02:58:25.109Z,Black Binder
Giant Growth,WAR,War of the Spark,162,normal,common,2,44242,06ec9e8b-4bd8-4caf-a559-6514b7ab4ca4,0.46,false,false,near_mint,en,BRL,2026-07-09T02:58:25.109Z,Black Binder
Giant Growth,MSH,Marvel Super Heroes,167,normal,common,1,114105,fd1f95bf-48ea-455a-8a6c-0249b11c8900,0.67,false,false,near_mint,en,BRL,2026-07-09T02:58:25.109Z,Black Binder
Giant-Sized Flying Ant,MSH,Marvel Super Heroes,56,normal,common,1,114024,da529bb3-725b-41aa-ac34-b4117ff5d95b,0.67,false,false,near_mint,en,BRL,2026-07-09T02:58:25.109Z,Black Binder
"Gilgamesh, Master-at-Arms",FIN,Final Fantasy,139,normal,rare,1,105563,1eb81329-fb7a-4347-b96c-9960a5c48e87,3.46,false,false,near_mint,en,BRL,2026-07-09T02:58:25.109Z,Black Binder
Gimli's Axe,LTR,The Lord of the Rings: Tales of Middle-earth,130,foil,common,1,83550,d8999b6c-e501-48d0-ae51-a35b96f996ec,1.55,false,false,near_mint,en,BRL,2026-07-09T02:58:25.109Z,Black Binder
Gleaming Bastion,MSH,Marvel Super Heroes,267,normal,rare,1,113340,c9131bf5-17e3-4aa6-97ed-ed6426b247d0,14.98,false,false,near_mint,en,BRL,2026-07-09T02:58:25.109Z,Black Binder
Glorious Decay,SOS,Secrets of Strixhaven,150,normal,common,1,112657,a335f396-1004-4fee-842a-a35ff6ba17f2,0.72,false,false,near_mint,en,BRL,2026-07-09T02:58:25.109Z,Black Binder
Go Nuts!,MSH,Marvel Super Heroes,168,normal,common,1,113136,152a7b5b-2d95-45d3-8fd9-0ca1d5a79f8b,0.72,false,false,near_mint,en,BRL,2026-07-09T02:58:25.109Z,Black Binder
Goblin Trailblazer,J22,Jumpstart 2022,547,normal,common,4,76204,32b16412-3e91-415a-9444-3ca4d30bd8d6,0.98,false,false,near_mint,en,BRL,2026-07-09T02:58:25.109Z,Black Binder
God-Pharaoh's Statue,WAR,War of the Spark,238,normal,uncommon,1,44166,7dce06ba-c1e1-45ec-82a7-fc10b0fa8870,3.2,false,false,near_mint,pt,BRL,2026-07-09T02:58:25.109Z,Black Binder
"Goreclaw, Terror of Qal Sisma",CMM,Commander Masters,293,normal,uncommon,2,85026,ee47f23a-3ba9-4615-b170-c89d8ab99d78,7.18,false,false,near_mint,en,BRL,2026-07-09T02:58:25.109Z,Black Binder
G'raha Tia,FIN,Final Fantasy,21,normal,uncommon,1,106501,076a8eca-ed73-4ee9-aab4-d9d43d394ee6,1.03,false,false,near_mint,en,BRL,2026-07-09T02:58:25.109Z,Black Binder
H.E.R.B.I.E. Scout Unit,MSH,Marvel Super Heroes,247,normal,common,2,113620,3496d0d4-3fab-4ea4-8986-afe5a7155ec6,0.36,false,false,near_mint,en,BRL,2026-07-09T02:58:25.109Z,Black Binder
Haunted Plate Mail,M14,Magic 2014,212,normal,rare,1,15839,e2dc1e07-7894-4f22-936d-bf5df3f8d5a5,1.29,false,false,near_mint,en,BRL,2026-07-09T02:58:25.109Z,Black Binder
Hawkeye's Bow,MSH,Marvel Super Heroes,132,normal,common,1,113676,485be72b-d784-4886-bb3a-48cff8f781c6,1.03,false,false,near_mint,en,BRL,2026-07-09T02:58:25.109Z,Black Binder
Heated Argument,SOS,Secrets of Strixhaven,118,normal,common,2,111679,0038d212-3d95-4f98-8c2e-7b2404d0ced7,0.52,false,false,near_mint,en,BRL,2026-07-09T02:58:25.109Z,Black Binder
Helicarrier Strike,MSH,Marvel Super Heroes,15,normal,common,1,113763,6e518842-ce44-4af2-8f38-89869828294a,0.46,false,false,near_mint,en,BRL,2026-07-09T02:58:25.109Z,Black Binder
Helping Hand,SOA,Secrets of Strixhaven Mystical Archive,5,normal,uncommon,1,112526,da5e29a8-a8fb-452b-9973-61ad613f9907,1.24,false,false,near_mint,en,BRL,2026-07-09T02:58:25.109Z,Black Binder
Hero's Blade,FIC,Final Fantasy Commander,345,normal,uncommon,1,106078,9f67b38f-275c-459d-ab9c-4851106ec732,1.5,false,false,near_mint,en,BRL,2026-07-09T02:58:25.109Z,Black Binder
Hex Magic,MSH,Marvel Super Heroes,133,foil,uncommon,1,113591,259bed47-1950-43ae-8efd-3009537529a8,36.52,false,false,near_mint,en,BRL,2026-07-09T02:58:25.109Z,Black Binder
Hire a Crew,MSH,Marvel Super Heroes,134,normal,common,2,113696,50a6aa80-79a3-46f3-9cc1-5bf663b64976,0.36,false,false,near_mint,en,BRL,2026-07-09T02:58:25.109Z,Black Binder
HULK SMASH!,MSH,Marvel Super Heroes,135,normal,common,1,113161,374ffb3e-0753-4682-936a-ae6921ace475,0.88,false,false,near_mint,en,BRL,2026-07-09T02:58:25.109Z,Black Binder
"Hulkling, Burgeoning Bruiser",MSH,Marvel Super Heroes,173,normal,uncommon,1,113862,9018477f-a67b-4fa4-8661-11ab91fae863,0.46,false,false,near_mint,en,BRL,2026-07-09T02:58:25.109Z,Black Binder
"Human Torch, Johnny Storm",MSH,Marvel Super Heroes,136,normal,uncommon,1,113227,8f8659f6-a793-4edc-8401-d9126840c1c2,1.19,false,false,near_mint,en,BRL,2026-07-09T02:58:25.109Z,Black Binder
HYDRA Assault Robot,MSH,Marvel Super Heroes,137,normal,common,1,114044,e3b23fff-7d3b-4341-b556-82136f8c113b,0.52,false,false,near_mint,en,BRL,2026-07-09T02:58:25.109Z,Black Binder
HYDRA Infiltration,MSH,Marvel Super Heroes,100,normal,common,2,113968,c2e446e1-e384-4d5f-8099-544f78c08510,0.46,false,false,near_mint,en,BRL,2026-07-09T02:58:25.109Z,Black Binder
HYDRA Troopers,MSH,Marvel Super Heroes,101,normal,common,2,113410,40c202f1-6e0d-42f4-a41e-e0be3362d585,0.46,false,false,near_mint,en,BRL,2026-07-09T02:58:25.109Z,Black Binder
Hydraulic Helper,MSH,Marvel Super Heroes,57,foil,common,1,113523,06d8a2a0-775b-4813-973f-8b15612b38d1,0.93,false,false,near_mint,en,BRL,2026-07-09T02:58:25.109Z,Black Binder
Hydraulic Helper,MSH,Marvel Super Heroes,57,normal,common,1,113523,06d8a2a0-775b-4813-973f-8b15612b38d1,0.36,false,false,near_mint,en,BRL,2026-07-09T02:58:25.109Z,Black Binder
Hydro-Channeler,SOS,Secrets of Strixhaven,54,foil,common,1,112563,099f8400-d70a-48ef-8ff6-645eae97e072,1.14,false,false,near_mint,en,BRL,2026-07-09T02:58:25.109Z,Black Binder
I Am Iron Man,MSH,Marvel Super Heroes,58,foil,common,1,113885,9c401abb-5978-41c0-962b-0432f9433929,1.08,false,false,near_mint,en,BRL,2026-07-09T02:58:25.109Z,Black Binder
I Am Iron Man,MSH,Marvel Super Heroes,58,normal,common,2,113885,9c401abb-5978-41c0-962b-0432f9433929,0.67,false,false,near_mint,en,BRL,2026-07-09T02:58:25.109Z,Black Binder
Il Mheg Pixie,FIN,Final Fantasy,57,normal,uncommon,3,106629,ae612312-3a8e-495f-8730-deaaf7505ca1,0.83,false,false,near_mint,en,BRL,2026-07-09T02:58:25.109Z,Black Binder
Improvisation Capstone,PSOS,Secrets of Strixhaven Promos,120p,normal,mythic,1,112865,ba1c767c-0556-4026-826b-2933bef713a6,80.94,false,false,near_mint,en,BRL,2026-07-09T02:58:25.109Z,Black Binder
"Invisible Woman, Sue Storm",MSH,Marvel Super Heroes,17,normal,uncommon,1,113154,2f80394b-2f7e-40a7-8203-720bcf39d71b,0.72,false,false,near_mint,en,BRL,2026-07-09T02:58:25.109Z,Black Binder
Iridescent Blademaster,MOM,March of the Machine,195,normal,common,2,81337,3fee189f-539f-48fa-b217-4b2599375364,0.36,false,false,near_mint,en,BRL,2026-07-09T02:58:25.109Z,Black Binder
"Iron Fist, Living Weapon",MSH,Marvel Super Heroes,138,normal,uncommon,1,113193,5cc2d948-ac8b-4466-b604-3fabc0ab6bb9,0.67,false,false,near_mint,en,BRL,2026-07-09T02:58:25.109Z,Black Binder
"Iron Lad, Diverging Destiny",MSH,Marvel Super Heroes,59,normal,uncommon,1,113407,355e7197-2f20-43b6-9305-73c4e1fd4a3c,0.93,false,false,near_mint,en,BRL,2026-07-09T02:58:25.109Z,Black Binder
"Iron Man, Master of Machines",MSH,Marvel Super Heroes,216,normal,uncommon,2,113226,8f84ab0a-bf6e-4f28-9da8-998512a224ed,1.19,false,false,near_mint,en,BRL,2026-07-09T02:58:25.109Z,Black Binder
"Iron Man, Titan of Innovation",MAR,Marvel Universe,91,normal,mythic,1,113293,20d54b22-62e8-48ac-ba65-0bdbf42d6cad,68.75,false,false,near_mint,en,BRL,2026-07-09T02:58:25.109Z,Black Binder
"Iron Spider, Stark Upgrade",SPM,Marvel's Spider-Man,166,foil,rare,1,107873,8da5f34e-7f40-406a-88d2-bb1e3ed25200,9.66,false,false,near_mint,en,BRL,2026-07-09T02:58:25.109Z,Black Binder
"Ironheart, Clever Champion",MSH,Marvel Super Heroes,60,normal,rare,1,113631,395e477a-861f-4661-b329-6c1ad5343ed5,2.07,false,false,near_mint,en,BRL,2026-07-09T02:58:25.109Z,Black Binder
Island,FIN,Final Fantasy,297,normal,common,9,105700,b92ec9f6-a56d-40c6-aee2-7d5e1524c985,1.34,false,false,near_mint,en,BRL,2026-07-09T02:58:25.109Z,Black Binder
Island,BBD,Battlebond,251,normal,common,12,1742,d660512c-8ebc-4d65-9590-700894cbb5d8,2.43,false,false,near_mint,en,BRL,2026-07-09T02:58:25.109Z,Black Binder
Island,SOS,Secrets of Strixhaven,274,foil,common,1,111979,77b88bb8-6bd9-4632-b937-89468fcb5e6a,0.83,false,false,near_mint,en,BRL,2026-07-09T02:58:25.109Z,Black Binder
Island,MSH,Marvel Super Heroes,290,normal,common,1,113122,02f76514-9e0d-4d74-a224-15a2d7b44ae1,0.93,false,false,near_mint,en,BRL,2026-07-09T02:58:25.109Z,Black Binder
Item Shopkeep,FIN,Final Fantasy,142,normal,common,3,106293,bd2db3f5-fd0d-4817-af90-6bea1f07e16b,0.72,false,false,near_mint,en,BRL,2026-07-09T02:58:25.109Z,Black Binder
Izzet Locket,GRN,Guilds of Ravnica,238,normal,common,1,245,348f3bec-ad16-4bc7-8da9-3956c9900f95,1.19,false,false,near_mint,en,BRL,2026-07-09T02:58:25.109Z,Black Binder
Izzet Signet,GK1,GRN Guild Kit,46,normal,common,1,100,5a064d8f-8ac5-43ae-82ce-84e99f8bb0d7,2.07,false,false,near_mint,en,BRL,2026-07-09T02:58:25.109Z,Black Binder
Judgment Bolt,FIN,Final Fantasy,559,normal,rare,1,105801,05b04b06-9271-4a28-a60e-287df0d1a4d1,1.14,false,false,near_mint,en,BRL,2026-07-09T02:58:25.109Z,Black Binder
Junk Diver,MH3,Modern Horizons 3,293,normal,uncommon,1,94491,6b5d53cb-bf80-43b0-b839-b11a64ff4c1b,1.19,false,false,near_mint,en,BRL,2026-07-09T02:58:25.109Z,Black Binder
"Justice, Vance Astrovik",MSH,Marvel Super Heroes,61,normal,uncommon,2,114079,f1448731-d50e-4b9c-8eb2-3d85c21516c6,0.88,false,false,near_mint,en,BRL,2026-07-09T02:58:25.109Z,Black Binder
Kang the Conqueror,MSH,Marvel Super Heroes,62,normal,mythic,1,113212,79747b45-fd7b-4023-9a9c-4d9dab2429fe,3.77,false,false,near_mint,en,BRL,2026-07-09T02:58:25.109Z,Black Binder
Ka-Zar of the Savage Land,MSH,Marvel Super Heroes,174,normal,uncommon,1,113991,caf70fc5-87a0-4b4d-bedd-74dd09569bed,1.08,false,false,near_mint,en,BRL,2026-07-09T02:58:25.109Z,Black Binder
Kingpin's Enforcers,MSH,Marvel Super Heroes,102,normal,common,1,113751,64056edb-6de2-4694-b771-f35542c25771,0.46,false,false,near_mint,en,BRL,2026-07-09T02:58:25.109Z,Black Binder
"Klaw, Sonic Subjugator",MSH,Marvel Super Heroes,103,normal,uncommon,1,113980,c79a86f8-24e9-49a2-8b1c-72a72fed1985,0.77,false,false,near_mint,en,BRL,2026-07-09T02:58:25.109Z,Black Binder
Kolaghan Warmonger,MAT,March of the Machine: The Aftermath,67,foil,uncommon,2,82578,8d58c593-327c-4798-8bb8-811c831efb49,1.14,false,false,near_mint,en,BRL,2026-07-09T02:58:25.109Z,Black Binder
Kree Commandos,MSH,Marvel Super Heroes,19,normal,common,1,113651,401f9ccf-f30c-4777-9a5b-4c340e724fff,0.36,false,false,near_mint,en,BRL,2026-07-09T02:58:25.109Z,Black Binder
Kree Sentinel,MSH,Marvel Super Heroes,141,normal,common,3,113944,ba5e441d-d036-4080-9571-6cf76df7b452,0.52,false,false,near_mint,en,BRL,2026-07-09T02:58:25.109Z,Black Binder
Lava Coil,2X2,Double Masters 2022,116,normal,common,2,70341,802c39df-4b92-4acc-92f9-bebd3d405471,1.19,false,false,near_mint,en,BRL,2026-07-09T02:58:25.109Z,Black Binder
"Leader, Super-Genius",MSH,Marvel Super Heroes,64,normal,rare,1,113153,2c8aab8d-2dfe-49c8-9aa8-536b0587b467,1.81,false,false,near_mint,en,BRL,2026-07-09T02:58:25.109Z,Black Binder
Leatherback Baloth,PLST,The List,WWK-107,normal,uncommon,2,98231,b6d8a662-cff3-4664-9591-568847609669,0.93,false,false,near_mint,en,BRL,2026-07-09T02:58:25.109Z,Black Binder
"Liberator, Urza's Battlethopter",PBRO,The Brothers' War Promos,237p,normal,rare,1,77071,f182aa71-7609-49b5-9fe6-be74ef156205,33.83,false,false,near_mint,en,BRL,2026-07-09T02:58:25.109Z,Black Binder
Lightning Strike,MSH,Marvel Super Heroes,142,normal,common,3,113842,88b13bc0-da54-4c3b-917c-7c8345a329f5,0.98,false,false,near_mint,en,BRL,2026-07-09T02:58:25.109Z,Black Binder
"Lightning, Security Sergeant",FIN,Final Fantasy,560,normal,rare,1,105920,4ad4dce3-6e43-4528-b570-85547d03164e,1.86,false,false,near_mint,en,BRL,2026-07-09T02:58:25.109Z,Black Binder
Living History,SOS,Secrets of Strixhaven,121,normal,uncommon,1,112569,2028792c-fd60-40d4-bff7-3b82dbe1ffb5,0.62,false,false,near_mint,en,BRL,2026-07-09T02:58:25.109Z,Black Binder
"Lluwen, Exchange Student // Pest Friend",SOS,Secrets of Strixhaven,199,normal,uncommon,1,111729,a0bcb638-c3c8-4973-9537-5c471f43f34f,1.08,false,false,near_mint,en,BRL,2026-07-09T02:58:25.109Z,Black Binder
"Loki, God of Mischief",MSH,Marvel Super Heroes,65,normal,rare,1,113147,236c437f-ee9d-4145-a4db-b665908089cf,32.9,false,false,near_mint,en,BRL,2026-07-09T02:58:25.109Z,Black Binder
Los Diablos Missile Base,MSH,Marvel Super Heroes,270,normal,common,1,113586,2123fcb5-8181-47ab-9a2d-7ede5b5118e8,0.41,false,false,near_mint,en,BRL,2026-07-09T02:58:25.109Z,Black Binder
Machinesmith Automaton,MSH,Marvel Super Heroes,144,normal,common,2,113819,802e663e-9529-46da-8af4-eb9ca07971b1,0.77,false,false,near_mint,en,BRL,2026-07-09T02:58:25.109Z,Black Binder
Madame Hydra,MSH,Marvel Super Heroes,221,normal,uncommon,1,113279,e94ccedb-1d27-4098-8823-d8d99b30387c,0.67,false,false,near_mint,en,BRL,2026-07-09T02:58:25.109Z,Black Binder
Magitek Scythe,FIN,Final Fantasy,562,normal,rare,1,106027,8b691d42-3498-4d47-9a46-f7c376df8886,1.45,false,false,near_mint,en,BRL,2026-07-09T02:58:25.109Z,Black Binder
Mana Sculpt,SOS,Secrets of Strixhaven,57,normal,rare,1,112284,200c8e3d-c53b-40c7-a29a-fccc1281bfc6,4.91,false,false,near_mint,en,BRL,2026-07-09T02:58:25.109Z,Black Binder
Manifold Key,CLB,Commander Legends: Battle for Baldur's Gate,319,normal,uncommon,1,68852,0f5a15cd-a359-48c9-9280-ce139f1fb061,7.18,false,false,near_mint,en,BRL,2026-07-09T02:58:25.109Z,Black Binder
Mechan Assembler,EOE,Edge of Eternities,63,foil,uncommon,1,107416,3fd46726-095e-4eb2-a804-eeeb988eee1d,1.65,false,false,near_mint,en,BRL,2026-07-09T02:58:25.109Z,Black Binder
Metalwork Colossus,KLD,Kaladesh,222,normal,rare,1,7421,474480b5-c60b-4c7f-9d3e-751bca43d074,11.26,false,false,near_mint,pt,BRL,2026-07-09T02:58:25.109Z,Black Binder
Meteor Golem,FDN,Foundations,256,normal,uncommon,1,101167,d291ea1e-36bc-46b3-b3ae-084fa0ba69eb,1.34,false,false,near_mint,en,BRL,2026-07-09T02:58:25.109Z,Black Binder
Meteoric Mace,CMM,Commander Masters,243,foil,uncommon,1,84841,c502ba85-7246-4652-9ab6-5672f7e490bb,1.39,false,false,near_mint,en,BRL,2026-07-09T02:58:25.109Z,Black Binder
"Mica, Reader of Ruins",SOS,Secrets of Strixhaven,124,normal,uncommon,1,112369,949ad3ff-9e80-493c-a3ae-146b919bfcd7,1.39,false,false,near_mint,en,BRL,2026-07-09T02:58:25.109Z,Black Binder
Mind into Matter,SOS,Secrets of Strixhaven,202,normal,rare,1,112321,0a7f0fdf-1d4b-4458-a19c-274611e8a59a,1.81,false,false,near_mint,en,BRL,2026-07-09T02:58:25.109Z,Black Binder
Mind Roots,SOS,Secrets of Strixhaven,203,normal,uncommon,1,112655,9d5fdbda-ebbe-45d6-a668-5ddee057a063,1.08,false,false,near_mint,en,BRL,2026-07-09T02:58:25.109Z,Black Binder
"Misty Knight, Hero for Hire",MSH,Marvel Super Heroes,145,normal,uncommon,1,113758,6b963642-a103-44a0-9eb7-9c3fdde181b7,0.83,false,false,near_mint,en,BRL,2026-07-09T02:58:25.109Z,Black Binder
"Mm'menon, the Right Hand",PEOE,Edge of Eternities Promos,68p,normal,rare,1,107950,67b8d42f-9908-4939-ad64-f411674ae07d,1.76,false,false,near_mint,en,BRL,2026-07-09T02:58:25.109Z,Black Binder
"Moonstone, Harsh Mistress",MSH,Marvel Super Heroes,107,normal,uncommon,1,113565,1a1b2bd0-e17d-4b34-a8ee-7c913a6bc945,0.88,false,false,near_mint,en,BRL,2026-07-09T02:58:25.109Z,Black Binder
Mountain,FIN,Final Fantasy,303,normal,common,8,105679,a18ef64b-a9de-4548-b4d5-168758442db7,1.5,false,false,near_mint,en,BRL,2026-07-09T02:58:25.109Z,Black Binder
Mountain,BBD,Battlebond,253,normal,common,5,1740,97a9360e-a02b-4dde-b14c-620ed0c54804,3.72,false,false,near_mint,en,BRL,2026-07-09T02:58:25.109Z,Black Binder
Mountain,MSH,Marvel Super Heroes,284,normal,common,1,113145,22cc3a0c-ab10-490d-b309-df87df551328,1.29,false,false,near_mint,en,BRL,2026-07-09T02:58:25.109Z,Black Binder
Mouser Mark III,TMT,Teenage Mutant Ninja Turtles,159,normal,common,1,111469,608a13b4-0b94-4be5-ac4b-e939901e8419,0.52,false,false,near_mint,en,BRL,2026-07-09T02:58:25.109Z,Black Binder
Mugging,JMP,Jumpstart,352,normal,common,2,51213,3d36724e-0669-43f9-9d10-f67562b8c6bc,0.46,false,false,near_mint,en,BRL,2026-07-09T02:58:25.109Z,Black Binder
Murdock's Crusade,MSH,Marvel Super Heroes,24,normal,common,2,113234,98df64ca-39c3-47e6-8143-4106c8e9cf59,0.62,false,false,near_mint,en,BRL,2026-07-09T02:58:25.109Z,Black Binder
Muse Seeker,SOS,Secrets of Strixhaven,60,normal,uncommon,2,112243,71cb4a6b-b500-4b28-bcdb-ec4188242f39,1.19,false,false,near_mint,en,BRL,2026-07-09T02:58:25.109Z,Black Binder
Muse's Encouragement,SOS,Secrets of Strixhaven,61,normal,common,2,112301,c59e0004-1d6a-42a1-8ce4-31da2af2e1bf,0.31,false,false,near_mint,en,BRL,2026-07-09T02:58:25.109Z,Black Binder
Myriad Landscape,CLB,Commander Legends: Battle for Baldur's Gate,904,normal,uncommon,1,69456,276f49f9-019b-44cb-a551-0fba9851ecc7,1.76,false,false,near_mint,en,BRL,2026-07-09T02:58:25.109Z,Black Binder
Mystery Key,PLST,The List,CLB-85,normal,uncommon,1,90179,f34c9b03-8802-40b7-9b78-17885f55b43f,0.46,false,false,near_mint,en,BRL,2026-07-09T02:58:25.109Z,Black Binder
"Night Nurse, Healer of Heroes",MSH,Marvel Super Heroes,26,normal,uncommon,1,113612,3199907b-9f24-4554-942a-8ab5a7701717,1.03,false,false,near_mint,en,BRL,2026-07-09T02:58:25.109Z,Black Binder
Ninja of the Hand,MSH,Marvel Super Heroes,108,normal,common,2,113757,6b8116d8-2cc6-449b-a8b4-8a5166553497,0.46,false,false,near_mint,en,BRL,2026-07-09T02:58:25.109Z,Black Binder
"Nita, Forum Conciliator",PSOS,Secrets of Strixhaven Promos,206p,normal,rare,1,112882,ed35d22c-fe80-4adc-b317-bf20c5ac48fd,0.72,false,false,near_mint,en,BRL,2026-07-09T02:58:25.109Z,Black Binder
Nobody,TMT,Teenage Mutant Ninja Turtles,161,foil,common,1,111553,0966b8ff-61d3-4394-a357-97c35f042a29,0.98,false,false,near_mint,en,BRL,2026-07-09T02:58:25.109Z,Black Binder
Noxious Newt,SOS,Secrets of Strixhaven,155,normal,common,2,112593,3a028306-c5d7-4f8f-b6f4-0d103fd47000,1.5,false,false,near_mint,en,BRL,2026-07-09T02:58:25.109Z,Black Binder
Onakke Ogre,M19,Core Set 2019,153,normal,common,2,1159,9e016da6-8800-47b4-9b96-1887677c795c,0.1,false,false,near_mint,en,BRL,2026-07-09T02:58:25.109Z,Black Binder
Origin of Iron Man,MSC,Marvel Super Heroes Commander,633,normal,uncommon,1,113836,85e61a72-5184-417d-8cda-f6b723ba00c4,3.77,false,false,near_mint,en,BRL,2026-07-09T02:58:25.109Z,Black Binder
"Orysa, Tide Choreographer",SOS,Secrets of Strixhaven,62,normal,uncommon,1,112212,010ed379-63f5-452c-9cd4-00d51647c0e3,0.93,false,false,near_mint,en,BRL,2026-07-09T02:58:25.109Z,Black Binder
Overcome,J22,Jumpstart 2022,701,normal,uncommon,2,76063,012f1dab-24c5-4bcd-bcc0-d282f28c8689,0.46,false,false,near_mint,en,BRL,2026-07-09T02:58:25.109Z,Black Binder
Overkill,FIN,Final Fantasy,109,normal,uncommon,2,106628,ae075e71-d33d-4d6c-b4a5-0b47dd6fd196,1.39,false,false,near_mint,en,BRL,2026-07-09T02:58:25.109Z,Black Binder
"Page, Loose Leaf",SOS,Secrets of Strixhaven,250,normal,common,1,112642,8c6fecfd-8241-4cf0-b1eb-19472b99e0ed,1.03,false,false,near_mint,en,BRL,2026-07-09T02:58:25.109Z,Black Binder
"Page, Loose Leaf",SOS,Secrets of Strixhaven,250,foil,common,1,112642,8c6fecfd-8241-4cf0-b1eb-19472b99e0ed,1.29,false,false,near_mint,en,BRL,2026-07-09T02:58:25.109Z,Black Binder
Panther Pounce,MSH,Marvel Super Heroes,29,normal,common,1,113654,4122ae40-800d-4b6b-93c9-aa503c33f1a9,0.72,false,false,near_mint,en,BRL,2026-07-09T02:58:25.109Z,Black Binder
Pest Mascot,SOS,Secrets of Strixhaven,209,normal,common,1,111751,d882beb9-6766-4818-afbb-f6fd7a2d5b70,0.98,false,false,near_mint,en,BRL,2026-07-09T02:58:25.109Z,Black Binder
Pet Avengers,MSH,Marvel Super Heroes,178,normal,common,1,113543,108a0b92-2134-4776-a2f7-da92050f1b21,1.03,false,false,near_mint,en,BRL,2026-07-09T02:58:25.109Z,Black Binder
Photon Blast Barrage,MSH,Marvel Super Heroes,147,normal,uncommon,1,113287,f85a77d2-e11e-44bc-a1e7-d783cd49d714,0.52,false,false,near_mint,en,BRL,2026-07-09T02:58:25.109Z,Black Binder
Pigment Wrangler // Striking Palette,SOS,Secrets of Strixhaven,126,normal,uncommon,1,112683,c2faf4cf-c4b6-4721-ac06-0e045dd9704a,0.46,false,false,near_mint,en,BRL,2026-07-09T02:58:25.109Z,Black Binder
Plains,FIN,Final Fantasy,294,normal,common,12,105678,9dd2d666-7c6b-48ce-93dc-c004ebdd1fe9,1.24,false,false,near_mint,en,BRL,2026-07-09T02:58:25.109Z,Black Binder
Powerful Broker,MSH,Marvel Super Heroes,179,foil,common,2,113818,801f0417-b663-4e28-9a61-9570061654d7,1.24,false,false,near_mint,en,BRL,2026-07-09T02:58:25.109Z,Black Binder
Powerful Broker,MSH,Marvel Super Heroes,179,normal,common,1,113818,801f0417-b663-4e28-9a61-9570061654d7,0.83,false,false,near_mint,en,BRL,2026-07-09T02:58:25.109Z,Black Binder
Prismari Charm,SOS,Secrets of Strixhaven,211,normal,uncommon,1,111723,8f6c2a5e-fe13-407c-aadd-c9caf2884ff1,1.6,false,false,near_mint,en,BRL,2026-07-09T02:58:25.109Z,Black Binder
Procrastinate,SOS,Secrets of Strixhaven,64,normal,common,1,111692,1edb449d-620f-4e21-9d76-2c840635eb9d,0.88,false,false,near_mint,en,BRL,2026-07-09T02:58:25.109Z,Black Binder
Project Deathlok Soldier,MSH,Marvel Super Heroes,109,normal,common,3,113724,5c21a120-4ec7-46ec-974a-2204edb92abb,0.52,false,false,near_mint,en,BRL,2026-07-09T02:58:25.109Z,Black Binder
Pym Technologies,MSH,Marvel Super Heroes,271,normal,common,1,113578,1de583ce-e805-45f1-907f-198bc82fd3b5,0.41,false,false,near_mint,en,BRL,2026-07-09T02:58:25.109Z,Black Binder
Quick Study,SOS,Secrets of Strixhaven,65,foil,common,1,112583,2d4f0bc7-da7c-4749-a24c-b01f3eb5860c,1.08,false,false,near_mint,en,BRL,2026-07-09T02:58:25.109Z,Black Binder
"Rabanastre, Royal City",FIN,Final Fantasy,287,normal,common,4,106294,c44c9bbe-f4c6-41cf-b3c3-b943f4011bc1,0.98,false,false,near_mint,en,BRL,2026-07-09T02:58:25.109Z,Black Binder
Radiant Lotus,PDFT,Aetherdrift Promos,240p,normal,mythic,1,103852,364022a4-d9c3-49e6-aee1-61e1af4f57ce,6.04,false,false,near_mint,en,BRL,2026-07-09T02:58:25.109Z,Black Binder
Raft Security Officer,MSH,Marvel Super Heroes,33,normal,common,1,114095,f9b9f9d6-b50c-4b29-80be-284ba773c70b,0.36,false,false,near_mint,en,BRL,2026-07-09T02:58:25.109Z,Black Binder
Rancorous Archaic,SOS,Secrets of Strixhaven,2,normal,common,1,111695,2565e16a-ed31-4867-adb8-f1633d580397,0.31,false,false,near_mint,en,BRL,2026-07-09T02:58:25.109Z,Black Binder
Rapid Rescue,MSH,Marvel Super Heroes,181,normal,common,3,114015,d739e636-681e-4423-84e3-91efd02b2c94,0.72,false,false,near_mint,en,BRL,2026-07-09T02:58:25.109Z,Black Binder
Rearing Embermare,SOS,Secrets of Strixhaven,127,normal,common,1,112561,06dd56bd-de92-4202-af31-7e881c34d799,0.36,false,false,near_mint,en,BRL,2026-07-09T02:58:25.109Z,Black Binder
"Red Guardian, Super-Soldier",MSH,Marvel Super Heroes,34,normal,uncommon,1,113962,c08f8163-319a-4a31-b15a-93974cacd5b7,0.57,false,false,near_mint,en,BRL,2026-07-09T02:58:25.109Z,Black Binder
Red Hulk,MSH,Marvel Super Heroes,149,normal,uncommon,1,114041,e25468e2-17c6-47b2-8eb6-fcb8ae6f4c17,0.77,false,false,near_mint,en,BRL,2026-07-09T02:58:25.109Z,Black Binder
Red Room Recruit,MSH,Marvel Super Heroes,110,normal,common,3,114087,f52a5ba3-a618-4f52-9d33-ba85345eb627,0.72,false,false,near_mint,en,BRL,2026-07-09T02:58:25.109Z,Black Binder
Regal Imperiosaur,PDFT,Aetherdrift Promos,177p,normal,rare,1,103971,f90701cf-da0c-4172-9c37-b83cbd13c71e,2.89,false,false,near_mint,en,BRL,2026-07-09T02:58:25.109Z,Black Binder
Reliquary Tower,M13,Magic 2013,227,normal,uncommon,1,17596,f92583e4-9749-4c11-9d32-fb81260c5b63,22.26,false,false,near_mint,pt,BRL,2026-07-09T02:58:25.109Z,Black Binder
Relm's Sketching,FIN,Final Fantasy,67,normal,uncommon,1,106345,6aedac12-3714-4a81-bd4d-1d2555c66f78,1.45,false,false,near_mint,en,BRL,2026-07-09T02:58:25.109Z,Black Binder
"Reptil, Dinomorpher",MSH,Marvel Super Heroes,182,normal,uncommon,1,113332,472db3f2-23df-46c1-86c6-f35fbe5ab4e3,0.57,false,false,near_mint,en,BRL,2026-07-09T02:58:25.109Z,Black Binder
Restorative Technique,MSH,Marvel Super Heroes,183,normal,common,2,114028,dbe9102d-b92b-4c32-93f6-5b6dc0fa08e6,1.24,false,false,near_mint,en,BRL,2026-07-09T02:58:25.109Z,Black Binder
Retrieve the Esper,FIN,Final Fantasy,68,normal,common,2,106301,ebd733f0-8883-434a-b36c-ef76b091fe8e,0.52,false,false,near_mint,en,BRL,2026-07-09T02:58:25.109Z,Black Binder
Return the Favor,SOA,Secrets of Strixhaven Mystical Archive,47,normal,uncommon,1,112535,e968efff-635b-4780-9bbe-099e75a1841b,2.22,false,false,near_mint,en,BRL,2026-07-09T02:58:25.109Z,Black Binder
Rewrite History,MSH,Marvel Super Heroes,71,normal,uncommon,1,113377,91fdf444-3f41-4b8b-b9f5-f3ae3d903649,0.46,false,false,near_mint,en,BRL,2026-07-09T02:58:25.109Z,Black Binder
Robot Domination,MSH,Marvel Super Heroes,111,foil,uncommon,1,113423,b26bb968-6612-43fe-9147-a3d4786cbc20,1.76,false,false,near_mint,en,BRL,2026-07-09T02:58:25.109Z,Black Binder
Robot Domination,MSH,Marvel Super Heroes,111,normal,uncommon,1,113423,b26bb968-6612-43fe-9147-a3d4786cbc20,0.62,false,false,near_mint,en,BRL,2026-07-09T02:58:25.109Z,Black Binder
Root Manipulation,SOS,Secrets of Strixhaven,222,normal,uncommon,1,112613,5390a79c-bc4b-4edb-a845-0d3514986401,1.34,false,false,near_mint,en,BRL,2026-07-09T02:58:25.109Z,Black Binder
"Rosa, Resolute White Mage",FIN,Final Fantasy,555,normal,rare,1,106153,c44e0ad6-9f44-4e4c-8c3b-3ee99409a740,19.27,false,false,near_mint,en,BRL,2026-07-09T02:58:25.109Z,Black Binder
Run Behind,SOS,Secrets of Strixhaven,66,normal,common,1,112601,40ecc34b-4cd0-4998-bbf4-7faa6fd3d7e0,0.36,false,false,near_mint,en,BRL,2026-07-09T02:58:25.109Z,Black Binder
S.H.I.E.L.D. Deployment Drone,MSH,Marvel Super Heroes,73,normal,common,2,113970,c3d0f02f-dfaf-47b6-8053-514417f4dfe2,0.36,false,false,near_mint,en,BRL,2026-07-09T02:58:25.109Z,Black Binder
S.H.I.E.L.D. Spy Kit,MSH,Marvel Super Heroes,36,normal,common,3,113677,4938e23f-b5da-493b-9904-af61a3733ba0,0.88,false,false,near_mint,en,BRL,2026-07-09T02:58:25.109Z,Black Binder
Sahagin,FIN,Final Fantasy,71,normal,common,1,106276,516940c7-c271-4f64-af75-c7ba98548382,0.72,false,false,near_mint,en,BRL,2026-07-09T02:58:25.109Z,Black Binder
Samurai's Katana,FIN,Final Fantasy,154,normal,uncommon,2,106267,11f1d378-c78c-402a-ac46-2d32598c23e7,1.08,false,false,near_mint,en,BRL,2026-07-09T02:58:25.109Z,Black Binder
"Sanar, Unfinished Genius // Wild Idea",SOS,Secrets of Strixhaven,223,normal,uncommon,1,111685,173157aa-712d-44f2-89ba-dd2511a07f26,1.34,false,false,near_mint,en,BRL,2026-07-09T02:58:25.109Z,Black Binder
Savage Land Dinosaur,MSH,Marvel Super Heroes,185,normal,common,2,113714,562bd376-3fba-4de0-b9fc-183004b03732,0.57,false,false,near_mint,en,BRL,2026-07-09T02:58:25.109Z,Black Binder
Scientist Supreme of A.I.M.,MSH,Marvel Super Heroes,225,normal,rare,1,113518,0473a990-88c4-4921-a492-377d9171318a,1.19,false,false,near_mint,en,BRL,2026-07-09T02:58:25.109Z,Black Binder
Scorch Spitter,M20,Core Set 2020,159,normal,common,4,45302,bb701a84-24bd-41ed-9f06-25c8338902a5,1.24,false,false,near_mint,en,BRL,2026-07-09T02:58:25.109Z,Black Binder
Scour for Scrap,EOE,Edge of Eternities,73,normal,uncommon,1,107719,517d1b00-7ec4-489a-ac52-657da24a6379,2.22,false,false,near_mint,en,BRL,2026-07-09T02:58:25.109Z,Black Binder
Secluded Starforge,EOE,Edge of Eternities,257,normal,rare,1,107514,a997ff9f-045a-44a2-983d-f36414cef1ab,1.91,false,false,near_mint,en,BRL,2026-07-09T02:58:25.109Z,Black Binder
Sentinel Spider,CMR,Commander Legends,253,normal,common,2,55984,01e7af76-e505-49ca-a91e-8167027560ff,0.93,false,false,near_mint,en,BRL,2026-07-09T02:58:25.109Z,Black Binder
"Sephiroth, Planet's Heir",FIN,Final Fantasy,553,foil,mythic,1,103801,abd73e52-62f0-4e89-9dc6-90ff0bc2a9b7,3.0,false,false,near_mint,en,BRL,2026-07-09T02:58:25.109Z,Black Binder
Sephiroth's Intervention,FIN,Final Fantasy,116,normal,common,3,106297,cf7df82f-937a-443f-813f-2bcc6944c5c0,0.93,false,false,near_mint,en,BRL,2026-07-09T02:58:25.109Z,Black Binder
Sequestered Stash,KLD,Kaladesh,248,normal,uncommon,1,7395,86a17084-bb96-4e81-bff0-005bd44a1fbd,0.88,false,false,near_mint,en,BRL,2026-07-09T02:58:25.109Z,Black Binder
Serpent Specialist,MSH,Marvel Super Heroes,186,normal,common,2,113779,72727c2a-08a9-47bc-a5eb-cda52e21684b,0.83,false,false,near_mint,en,BRL,2026-07-09T02:58:25.109Z,Black Binder
Seymour Flux,FIN,Final Fantasy,558,normal,rare,1,106156,c5fdc78e-0815-443c-8c26-35387b6f4f37,1.55,false,false,near_mint,en,BRL,2026-07-09T02:58:25.109Z,Black Binder
Shambling Cie'th,FIN,Final Fantasy,117,normal,uncommon,3,106302,f02ce338-4fe2-44b0-a896-3ed7e6c874a3,0.57,false,false,near_mint,en,BRL,2026-07-09T02:58:25.109Z,Black Binder
"She-Hulk, Jade Defender",MSH,Marvel Super Heroes,188,normal,uncommon,1,114006,d22a8d02-023c-4f71-a771-16b5aa2a05d7,0.57,false,false,near_mint,en,BRL,2026-07-09T02:58:25.109Z,Black Binder
Shinra Reinforcements,FIN,Final Fantasy,118,normal,common,3,106282,7367b257-1a8c-4593-a307-7116e36e0342,0.72,false,false,near_mint,en,BRL,2026-07-09T02:58:25.109Z,Black Binder
Shivan Reef,C21,Commander 2021,316,normal,rare,1,58620,8886f31a-f12b-4ffa-992c-1f3b28e72da5,2.17,false,false,near_mint,pt,BRL,2026-07-09T02:58:25.109Z,Black Binder
"Shuri, Wakandan Inventor",MSH,Marvel Super Heroes,75,normal,uncommon,1,113198,65005522-555e-4479-939c-be16e0262f6f,2.01,false,false,near_mint,en,BRL,2026-07-09T02:58:25.109Z,Black Binder
Skeleton Key,SOI,Shadows over Innistrad,263,normal,uncommon,1,8733,3168317b-b166-483e-9d9a-20cdfcdc255c,1.34,false,false,near_mint,en,BRL,2026-07-09T02:58:25.109Z,Black Binder
Skycoach Conductor // All Aboard,PSOS,Secrets of Strixhaven Promos,67p,normal,rare,1,112812,0788c44e-82c7-44e6-8964-6b5008c5c357,3.15,false,false,near_mint,en,BRL,2026-07-09T02:58:25.109Z,Black Binder
Slash of Light,FIN,Final Fantasy,32,normal,common,2,106662,da6d9529-3cb0-4adc-8209-b9b02db3bf54,0.57,false,false,near_mint,en,BRL,2026-07-09T02:58:25.109Z,Black Binder
Snapping Gnarlid,J22,Jumpstart 2022,730,normal,common,4,76421,7062c430-c8a4-4f35-83b5-21519b6c0edc,0.41,false,false,near_mint,en,BRL,2026-07-09T02:58:25.109Z,Black Binder
Snarl Song,SOS,Secrets of Strixhaven,161,normal,uncommon,1,112723,fc4c7fa2-aebb-4636-9afd-f1010c923316,0.41,false,false,near_mint,en,BRL,2026-07-09T02:58:25.109Z,Black Binder
Solemn Simulacrum,FDN,Foundations,729,foil,rare,1,101044,b89aae48-a783-468d-aa14-552307ec2021,2.22,false,false,near_mint,en,BRL,2026-07-09T02:58:25.109Z,Black Binder
Spectacle Summit,SOS,Secrets of Strixhaven,262,normal,common,1,112055,a0a66f7b-eab4-45da-8895-c2c2c7eb05f8,0.88,false,false,near_mint,en,BRL,2026-07-09T02:58:25.109Z,Black Binder
Spectacular Skywhale,SOS,Secrets of Strixhaven,229,foil,uncommon,1,112267,c90366d5-b4ba-4772-a3c5-f138bbe7f305,0.77,false,false,near_mint,en,BRL,2026-07-09T02:58:25.109Z,Black Binder
"Speed, Young Avenger",MSH,Marvel Super Heroes,152,normal,uncommon,1,114002,d15d187b-dc5d-482d-a79a-b9b98193ad7a,0.72,false,false,near_mint,en,BRL,2026-07-09T02:58:25.109Z,Black Binder
Spicy Oatmeal Pizza,PW26,Wizards Play Network 2026,7,normal,rare,1,111434,cbe07254-5a32-45d6-b0c0-d842640deb47,2.43,false,false,near_mint,en,BRL,2026-07-09T02:58:25.109Z,Black Binder
Spider-Bot,SPM,Marvel's Spider-Man,173,foil,common,1,107619,24df824a-c1d6-4f09-b866-313b31fec5fb,2.01,false,false,near_mint,en,BRL,2026-07-09T02:58:25.109Z,Black Binder
"Spider-Ham, Peter Porker",PW25,Wizards Play Network 2025,10,normal,rare,1,108617,1402d294-8772-4b13-b1d0-f4205d57208b,2.58,false,false,near_mint,en,BRL,2026-07-09T02:58:25.109Z,Black Binder
Splatter Technique,SOS,Secrets of Strixhaven,231,normal,rare,2,112253,969b6657-c3b9-47e1-a42e-95bbcccf452d,1.45,false,false,near_mint,en,BRL,2026-07-09T02:58:25.109Z,Black Binder
Stadium Tidalmage,SOS,Secrets of Strixhaven,232,normal,common,2,112658,a689289e-7141-4950-8a87-82e9bd6846fe,0.52,false,false,near_mint,en,BRL,2026-07-09T02:58:25.109Z,Black Binder
Stark Industries,MSH,Marvel Super Heroes,272,normal,common,2,114106,fe3609d8-71a2-49d9-a3fa-25e0906a1a0e,0.67,false,false,near_mint,en,BRL,2026-07-09T02:58:25.109Z,Black Binder
Stark Industries Executive,MSH,Marvel Super Heroes,153,normal,common,1,113772,709ffd07-706c-471f-b74d-4637afa11686,0.83,false,false,near_mint,en,BRL,2026-07-09T02:58:25.109Z,Black Binder
Steal the Show,SOS,Secrets of Strixhaven,130,normal,rare,1,112246,7ac6649f-980e-4404-9c05-458c30578ecc,1.34,false,false,near_mint,en,BRL,2026-07-09T02:58:25.109Z,Black Binder
Steelswarm Operator,EOE,Edge of Eternities,80,foil,uncommon,1,107544,ca468b86-f31a-4cd7-a574-eb984bc4bc3e,1.81,false,false,near_mint,en,BRL,2026-07-09T02:58:25.109Z,Black Binder
Stolen Stark Tech,MSH,Marvel Super Heroes,114,normal,common,1,114027,db4557ad-4141-4dae-870e-a587506f4914,0.77,false,false,near_mint,en,BRL,2026-07-09T02:58:25.109Z,Black Binder
Stress Dream,SOS,Secrets of Strixhaven,235,foil,uncommon,1,111691,1ec40a1b-51e7-4a35-966c-ab2a10f21a80,0.98,false,false,near_mint,en,BRL,2026-07-09T02:58:25.109Z,Black Binder
Strife Scholar // Awaken the Ages,SOS,Secrets of Strixhaven,131,normal,common,1,112644,8de79312-2046-425e-9919-49afe19be81b,0.41,false,false,near_mint,en,BRL,2026-07-09T02:58:25.109Z,Black Binder
Studious First-Year // Rampant Growth,SOS,Secrets of Strixhaven,162,normal,common,2,111693,24f888dd-785c-4089-a89c-03f9080130ed,1.7,false,false,near_mint,en,BRL,2026-07-09T02:58:25.109Z,Black Binder
"Subira, Tulzidi Caravanner",PM21,Core Set 2021 Promos,162p,normal,rare,2,51652,440c4603-3654-40b0-97b9-8078cdd4168b,1.29,false,false,near_mint,en,BRL,2026-07-09T02:58:25.109Z,Black Binder
Sundering Archaic,SOS,Secrets of Strixhaven,3,normal,uncommon,1,112389,c35b57e4-2358-46c0-8f09-cd27c10eaf2d,0.67,false,false,near_mint,en,BRL,2026-07-09T02:58:25.109Z,Black Binder
Super Speed,MSH,Marvel Super Heroes,154,normal,common,1,113596,2aa2e596-e5e0-4c60-8eea-14adda1cdaae,0.57,false,false,near_mint,en,BRL,2026-07-09T02:58:25.109Z,Black Binder
Super Strength,MSH,Marvel Super Heroes,189,normal,common,2,113574,1d24d200-63d4-44cf-8d3a-6c6ece5e16ff,0.72,false,false,near_mint,en,BRL,2026-07-09T02:58:25.109Z,Black Binder
Super Suit,MSH,Marvel Super Heroes,78,normal,common,2,114056,e87f3a26-c2e5-47c7-b19d-bc01cb794805,0.62,false,false,near_mint,en,BRL,2026-07-09T02:58:25.109Z,Black Binder
Super Suit,MSH,Marvel Super Heroes,78,foil,common,1,114056,e87f3a26-c2e5-47c7-b19d-bc01cb794805,0.88,false,false,near_mint,en,BRL,2026-07-09T02:58:25.109Z,Black Binder
Super-Soldier Serum,MSH,Marvel Super Heroes,38,normal,rare,1,113373,845b0be1-4f85-4a8c-8205-dc85c8cf9a61,5.06,false,false,near_mint,en,BRL,2026-07-09T02:58:25.109Z,Black Binder
Suplex,FIN,Final Fantasy,164,normal,common,1,106376,f61693a2-7042-44e0-85ba-9bf12ab94e7e,1.08,false,false,near_mint,en,BRL,2026-07-09T02:58:25.109Z,Black Binder
Surveillance Room,MSH,Marvel Super Heroes,274,normal,common,1,113861,8fb51fbb-ab7f-4484-a3c9-dc50cb6f2756,0.67,false,false,near_mint,en,BRL,2026-07-09T02:58:25.109Z,Black Binder
Swamp,FIN,Final Fantasy,301,normal,common,12,105684,a7f56d20-16dc-4b7f-98bf-124817a83bae,1.29,false,false,near_mint,en,BRL,2026-07-09T02:58:25.109Z,Black Binder
Swiftfoot Boots,FDN,Foundations,258,normal,uncommon,1,100414,41040541-b129-4cf4-9411-09b1d9d32c19,13.38,false,false,near_mint,en,BRL,2026-07-09T02:58:25.109Z,Black Binder
"Swordsman, Sharp Scoundrel",MSH,Marvel Super Heroes,116,normal,uncommon,1,113753,6572aafe-18ed-4182-92e9-25f003f5fe3d,0.77,false,false,near_mint,en,BRL,2026-07-09T02:58:25.109Z,Black Binder
Tackle Artist,SOS,Secrets of Strixhaven,133,normal,common,1,112672,b87e2474-98c1-4c1a-91ed-340b72d31653,0.67,false,false,near_mint,en,BRL,2026-07-09T02:58:25.109Z,Black Binder
Take Up the Shield,MSH,Marvel Super Heroes,39,normal,common,1,113700,5199d708-8b11-461d-9e91-3e8cd70906f7,0.98,false,false,near_mint,en,BRL,2026-07-09T02:58:25.109Z,Black Binder
"Tam, Observant Sequencer // Deep Sight",SOS,Secrets of Strixhaven,237,normal,uncommon,1,111713,7120e71b-2976-451b-89a7-a1665dc6fb6b,1.45,false,false,near_mint,en,BRL,2026-07-09T02:58:25.109Z,Black Binder
Tamiyo's Logbook,ONE,Phyrexia: All Will Be One,70,normal,uncommon,1,78399,0edb2d01-9a94-410c-8ab7-ca1b404ab5f0,1.19,false,false,near_mint,en,BRL,2026-07-09T02:58:25.109Z,Black Binder
Teacher's Pest,SOS,Secrets of Strixhaven,238,normal,uncommon,1,112171,eaa358ac-761d-4507-aa15-3d4684027207,1.5,false,false,near_mint,en,BRL,2026-07-09T02:58:25.109Z,Black Binder
Terramorphic Expanse,SOS,Secrets of Strixhaven,265,normal,common,1,112047,9a4c5629-fadd-42b9-850f-9f8586a2ca50,0.62,false,false,near_mint,en,BRL,2026-07-09T02:58:25.109Z,Black Binder
Tester of the Tangential,SOS,Secrets of Strixhaven,69,normal,uncommon,1,112386,bbd708ec-eef4-4f45-99dd-60e1cec4b991,0.88,false,false,near_mint,en,BRL,2026-07-09T02:58:25.109Z,Black Binder
Textbook Tabulator,SOS,Secrets of Strixhaven,70,normal,common,2,112615,56f54fee-b48d-4582-8982-ca4c7b8ef553,0.88,false,false,near_mint,en,BRL,2026-07-09T02:58:25.109Z,Black Binder
"Thanos, the Mad Titan",MSH,Marvel Super Heroes,233,normal,mythic,1,113278,e669c0b2-0011-4feb-9263-f1ecc0a98f18,16.32,false,false,near_mint,en,BRL,2026-07-09T02:58:25.109Z,Black Binder
The Crystal's Chosen,FIN,Final Fantasy,14,normal,uncommon,1,105725,d4df4373-0ee6-44e3-81c6-0881c070014c,0.83,false,false,near_mint,en,BRL,2026-07-09T02:58:25.109Z,Black Binder
The Dawning Archaic,SOS,Secrets of Strixhaven,1,normal,mythic,1,111719,7a451985-37e1-44d8-839b-dc1e88df5c96,6.2,false,false,near_mint,en,BRL,2026-07-09T02:58:25.109Z,Black Binder
The Gold Saucer,FIN,Final Fantasy,279,foil,uncommon,1,106551,5363c881-443d-43df-afd8-f81e1a1741a2,2.17,false,false,near_mint,en,BRL,2026-07-09T02:58:25.109Z,Black Binder
The Mind Stone,MSH,Marvel Super Heroes,21,normal,mythic,1,112955,87f1e69a-6d74-4982-afda-82613637799a,355.81,false,false,near_mint,en,BRL,2026-07-09T02:58:25.109Z,Black Binder
The Serpent Society,MSH,Marvel Super Heroes,226,normal,rare,1,113401,209855ee-d531-4b58-926b-8da171d46619,3.67,false,false,near_mint,en,BRL,2026-07-09T02:58:25.109Z,Black Binder
"The Thing, Ben Grimm",MSH,Marvel Super Heroes,190,foil,uncommon,1,113166,3f1933a8-046f-471a-afcf-cfb08ca0d239,1.81,false,false,near_mint,en,BRL,2026-07-09T02:58:25.109Z,Black Binder
Thirst for Knowledge,MSH,Marvel Super Heroes,79,normal,uncommon,1,113413,5f4f77e5-0019-4a5f-bae6-136121946929,0.57,false,false,near_mint,en,BRL,2026-07-09T02:58:25.109Z,Black Binder
Thunderbolts Conspiracy,MSH,Marvel Super Heroes,117,normal,rare,1,110075,f498c1a4-54d2-4e87-952f-8cf7e408930c,1.03,false,false,near_mint,en,BRL,2026-07-09T02:58:25.109Z,Black Binder
"Tigra, Feline Fury",MSH,Marvel Super Heroes,191,normal,uncommon,2,113208,73c11aea-4fa4-438d-b886-2fafa60c82f9,1.03,false,false,near_mint,en,BRL,2026-07-09T02:58:25.109Z,Black Binder
Tony Stark // The Invincible Iron Man,MSH,Marvel Super Heroes,80,normal,mythic,1,113182,4cea42fd-035e-4b8f-8b1d-ff363b694f14,38.43,false,false,near_mint,en,BRL,2026-07-09T02:58:25.109Z,Black Binder
Training Compound,MSH,Marvel Super Heroes,275,foil,rare,1,113341,c91e28db-307f-462a-88aa-581d10e77f10,16.94,false,false,near_mint,en,BRL,2026-07-09T02:58:25.109Z,Black Binder
Training Regimen,MSH,Marvel Super Heroes,192,normal,uncommon,1,113896,a27aee6d-1fc3-4307-bb16-b964d723fe2f,1.34,false,false,near_mint,en,BRL,2026-07-09T02:58:25.109Z,Black Binder
Training Regimen,MSH,Marvel Super Heroes,192,foil,uncommon,1,113896,a27aee6d-1fc3-4307-bb16-b964d723fe2f,1.96,false,false,near_mint,en,BRL,2026-07-09T02:58:25.109Z,Black Binder
Transplant Theorist,ONE,Phyrexia: All Will Be One,73,normal,uncommon,1,78965,f912c4ec-08e9-4524-a2ba-98f6dfabdc18,1.08,false,false,near_mint,en,BRL,2026-07-09T02:58:25.109Z,Black Binder
Traumatic Critique,SOS,Secrets of Strixhaven,239,normal,rare,1,112221,2a812fa7-4599-4e25-97db-20ffc6bc0b26,2.79,false,false,near_mint,en,BRL,2026-07-09T02:58:25.109Z,Black Binder
Treeshaker Chimera,PLST,The List,NCC-318,normal,rare,2,104056,332e8353-3ef3-4c17-b544-9d59728e8afc,2.32,false,false,near_mint,en,BRL,2026-07-09T02:58:25.109Z,Black Binder
"Treno, Dark City",FIN,Final Fantasy,290,normal,common,4,106686,f6285535-bc44-4274-a886-b14d7c7aaba8,1.08,false,false,near_mint,en,BRL,2026-07-09T02:58:25.109Z,Black Binder
Trickster's Stratagem,MSH,Marvel Super Heroes,81,normal,common,2,113744,620376d0-dc0c-405f-8121-eb36d9b4f4c2,0.57,false,false,near_mint,en,BRL,2026-07-09T02:58:25.109Z,Black Binder
Trophy Mage,AER,Aether Revolt,48,normal,uncommon,1,6366,19754fe4-2f61-42a3-afa2-3a6a8257b81b,3.36,false,false,near_mint,pt,BRL,2026-07-09T02:58:25.109Z,Black Binder
Truck Toss,MSH,Marvel Super Heroes,157,normal,uncommon,2,113739,60f02fbf-1416-48a3-bf94-f27509f6983a,0.62,false,false,near_mint,en,BRL,2026-07-09T02:58:25.109Z,Black Binder
Ultima Weapon,FIN,Final Fantasy,563,normal,rare,1,106135,b9162d08-a6ba-4e6e-b82c-9b092bd781dd,37.03,false,false,near_mint,en,BRL,2026-07-09T02:58:25.109Z,Black Binder
"Ultimecia, Temporal Threat",FIN,Final Fantasy,556,normal,rare,1,106130,b64e4475-f1c6-4d85-b42f-6d84d06855bb,2.27,false,false,near_mint,en,BRL,2026-07-09T02:58:25.109Z,Black Binder
Ultron Drone,MSH,Marvel Super Heroes,253,normal,common,2,113549,149a0a3b-c470-414c-a7de-d773b8b4cc82,0.46,false,false,near_mint,en,BRL,2026-07-09T02:58:25.109Z,Black Binder
Undercity Dire Rat,FIN,Final Fantasy,123,normal,common,4,106270,274788f4-fbf3-4a15-bdc0-f513a2fde30d,0.88,false,false,near_mint,en,BRL,2026-07-09T02:58:25.109Z,Black Binder
Undercover Skrull,MSH,Marvel Super Heroes,194,normal,common,2,113863,90b9a3c0-3fd6-403e-9d6c-201342fea0ad,0.72,false,false,near_mint,en,BRL,2026-07-09T02:58:25.109Z,Black Binder
Unliving Legionnaire,MSH,Marvel Super Heroes,119,normal,common,1,113998,ce08f4bb-7da3-4199-8b90-fcdb29e84e98,0.41,false,false,near_mint,en,BRL,2026-07-09T02:58:25.109Z,Black Binder
Vibranium Energy Daggers,MSH,Marvel Super Heroes,254,normal,common,1,113694,4fe5952d-f50f-443a-b960-657fc4bc1965,0.62,false,false,near_mint,en,BRL,2026-07-09T02:58:25.109Z,Black Binder
Vibrant Outburst,SOS,Secrets of Strixhaven,240,normal,uncommon,1,112721,f9ba68ef-6efc-4249-8b74-e33f47173902,1.5,false,false,near_mint,en,BRL,2026-07-09T02:58:25.109Z,Black Binder
Villainous Hideout,MSH,Marvel Super Heroes,276,normal,uncommon,1,113823,822b0249-e1df-453d-8b60-75a5196ed818,0.88,false,false,near_mint,en,BRL,2026-07-09T02:58:25.109Z,Black Binder
Villainous Hideout,MSH,Marvel Super Heroes,276,foil,uncommon,1,113823,822b0249-e1df-453d-8b60-75a5196ed818,2.07,false,false,near_mint,en,BRL,2026-07-09T02:58:25.109Z,Black Binder
Vision of Love,MSH,Marvel Super Heroes,158,normal,common,2,113713,5604cee1-a2ea-48ed-88f4-6878bd053fc8,0.88,false,false,near_mint,en,BRL,2026-07-09T02:58:25.109Z,Black Binder
Vision of Love,MSH,Marvel Super Heroes,158,foil,common,1,113713,5604cee1-a2ea-48ed-88f4-6878bd053fc8,1.96,false,false,near_mint,en,BRL,2026-07-09T02:58:25.109Z,Black Binder
Vision Quest,MSH,Marvel Super Heroes,309,normal,rare,1,113593,271ee6c8-164b-4d6a-a7c0-3aa8dea10b7d,2.48,false,false,near_mint,en,BRL,2026-07-09T02:58:25.109Z,Black Binder
Visions of Villainy,MSH,Marvel Super Heroes,120,normal,common,2,114092,f8f1e4f9-7415-437f-b694-ecbdd76db114,0.67,false,false,near_mint,en,BRL,2026-07-09T02:58:25.109Z,Black Binder
"Viv Vision, Teen Synthezoid",MSH,Marvel Super Heroes,256,normal,uncommon,1,113834,85cc170a-ecd2-4870-b675-7ece88813995,1.03,false,false,near_mint,en,BRL,2026-07-09T02:58:25.109Z,Black Binder
Volcanic Dragon,M20,Core Set 2020,336,normal,uncommon,2,45124,f35574c7-c21c-4d07-87b5-9935b8da9832,1.14,false,false,near_mint,en,BRL,2026-07-09T02:58:25.109Z,Black Binder
Volcanic Villain,MSH,Marvel Super Heroes,159,normal,common,1,113692,4f48ba40-9934-40fd-a251-e15a68e772d2,0.36,false,false,near_mint,en,BRL,2026-07-09T02:58:25.109Z,Black Binder
Wakandan Drone Flock,MSH,Marvel Super Heroes,40,normal,common,2,113683,4b12dc1f-2218-4c71-aafa-ea6a26eeb0aa,0.31,false,false,near_mint,en,BRL,2026-07-09T02:58:25.109Z,Black Binder
Warrior's Sword,FIN,Final Fantasy,169,normal,common,2,106296,cb98a7dd-542e-4448-b3bb-ff5d67a36535,0.52,false,false,near_mint,en,BRL,2026-07-09T02:58:25.109Z,Black Binder
We Say Thee Nay!,MSH,Marvel Super Heroes,82,normal,common,2,113548,13b70321-75bd-4d44-b9f6-5f062a5dda0f,0.77,false,false,near_mint,en,BRL,2026-07-09T02:58:25.109Z,Black Binder
White Auracite,FIN,Final Fantasy,41,normal,common,2,105873,2df6f515-9d21-4769-b1c4-c219611bccbb,1.14,false,false,near_mint,en,BRL,2026-07-09T02:58:25.109Z,Black Binder
White Mage's Staff,FIN,Final Fantasy,42,normal,common,1,105584,30db372e-0b4c-4e16-9667-bf3fda666f72,0.83,false,false,near_mint,en,BRL,2026-07-09T02:58:25.109Z,Black Binder
"White Widow, Free Agent",MSH,Marvel Super Heroes,42,normal,uncommon,1,113368,57da765f-7d87-42ac-9eb0-a49c296fbbf8,0.67,false,false,near_mint,en,BRL,2026-07-09T02:58:25.109Z,Black Binder
"Wiccan, Rising Magician",MSH,Marvel Super Heroes,83,normal,uncommon,2,113728,5d27ddec-716d-47e5-ac48-365e91b88ff1,0.88,false,false,near_mint,en,BRL,2026-07-09T02:58:25.109Z,Black Binder
Widow's Bite,MSH,Marvel Super Heroes,122,normal,common,1,114029,dbee18af-9ade-4251-81a1-f6e7ffbf480f,0.57,false,false,near_mint,en,BRL,2026-07-09T02:58:25.109Z,Black Binder
Wildwood Patrol,M21,Core Set 2021,339,normal,common,2,50999,cceaf927-261e-4d61-9fac-eb8abbe87593,0.93,false,false,near_mint,en,BRL,2026-07-09T02:58:25.109Z,Black Binder
"Winter Soldier, Icy Assassin",MSH,Marvel Super Heroes,239,normal,rare,1,113390,ebf71ffc-6e3e-4ca0-a84a-3c1ebd2b64b1,1.29,false,false,near_mint,en,BRL,2026-07-09T02:58:25.109Z,Black Binder
Witherbloom Charm,SOS,Secrets of Strixhaven,244,normal,uncommon,1,111694,254437f7-7a8a-4b11-9cea-e8e7ea23c59e,1.65,false,false,near_mint,en,BRL,2026-07-09T02:58:25.109Z,Black Binder
Workshop Assistant,CMR,Commander Legends,348,foil,common,1,56234,e9387e8f-0e72-4212-81c8-e64050700c52,1.76,false,false,near_mint,en,BRL,2026-07-09T02:58:25.109Z,Black Binder
World War Hulk,MSH,Marvel Super Heroes,197,normal,rare,1,110060,9032f05b-5c21-4996-90c1-268dc6dffbaa,6.87,false,false,near_mint,en,BRL,2026-07-09T02:58:25.109Z,Black Binder
"Xande, Dark Mage",FIN,Final Fantasy,561,normal,rare,1,105846,1caed9a8-b73b-470e-b9d8-8c3b7cac3eee,1.19,false,false,near_mint,en,BRL,2026-07-09T02:58:25.109Z,Black Binder
"Yellowjacket, Heartless Marauder",MSH,Marvel Super Heroes,123,normal,uncommon,1,114021,d8f91212-2ff5-4024-8f14-86bb5c4a9754,0.67,false,false,near_mint,en,BRL,2026-07-09T02:58:25.109Z,Black Binder
Zealous Lorecaster,SOS,Secrets of Strixhaven,137,normal,common,2,112590,36ab2130-9f21-4d30-873a-aa72d3d15fa8,0.52,false,false,near_mint,en,BRL,2026-07-09T02:58:25.109Z,Black Binder
Falcon's Wing Harness,MSH,Marvel Super Heroes,53,normal,uncommon,3,113402,20e93f86-9e20-4e08-9bf7-ae6ebebf6876,0.67,false,false,near_mint,en,BRL,2026-07-09T02:58:25.109Z,Black Binder
